{"cameraMode":{"drawMode":0,"name":"Shaded","section":"Shading Mode"},"sceneLighting":true,"audioPlay":false,"sceneViewState":{"m_AlwaysRefresh":false,"showFog":true,"showSkybox":true,"showFlares":true,"showImageEffects":true,"showParticleSystems":true,"showVisualEffectGraphs":true,"m_FxEnabled":true},"in2DMode":false,"pivot":{"x":86.45576477050781,"y":106.16629791259766,"z":-62.82600402832031},"rotation":{"x":0.23516882956027986,"y":-0.47869622707366946,"z":0.13480621576309205,"w":0.8350925445556641},"size":1855.526123046875,"orthographic":true}