{"cameraMode":{"drawMode":0,"name":"Shaded","section":"Shading Mode"},"sceneLighting":false,"audioPlay":false,"sceneViewState":{"m_AlwaysRefresh":false,"showFog":false,"showSkybox":false,"showFlares":false,"showImageEffects":false,"showParticleSystems":false,"showVisualEffectGraphs":true,"m_FxEnabled":true},"in2DMode":false,"pivot":{"x":-0.0009647607803344727,"y":1.0134873390197755,"z":0.0000010579824447631836},"rotation":{"x":-0.0405723862349987,"y":-0.1950571984052658,"z":0.008184063248336316,"w":-0.9800479412078857},"size":1.5780717134475709,"orthographic":false}